model,split,pr_auc,f1,precision,recall
xgboost,stratified,0.9767884128572781,0.9214439931756073,0.9818030556525896,0.8680765807686525
manualtgn,stratified,0.9771205547973616,0.9237550058586685,0.988921453149201,0.866646076068713
ensemble_best,stratified,0.9793235042150987,0.9236420023129599,0.9887100737670335,0.8666095006644532
